CODDISA;NOMDISA;CODIGO_PRE;ESTABLEC;ALMTIPO_COMPLETO;ESTADO;UE;CODIGO_MED;NOMBRE;TIPO;ESTRATEGIC;FORMA_FARM;INDICADOR;MESANO;STOCK;CONSUMO;CPA;NMESES;DME
017;JUNIN;06615;HOSPITAL REGIONAL DOCENTE MATERNO INFANTIL EL CARMEN;HOSPITAL;A;U;04677;METAMIZOL SODICO 1 g 2 mL INYECTABLE;M;SD;INYECTABLE;SOBRESTOCK;202503;54424;57514;4792.833333;12;11.36
017;JUNIN;06615;HOSPITAL REGIONAL DOCENTE MATERNO INFANTIL EL CARMEN;HOSPITAL;A;U;05873;SODIO CLORURO 900 mg/100 mL (0.9 %) 1 L INYECTABLE;M;SD;INYECTABLE;NO APLICA;202503;52944;56063;4671.916667;12;11.33
017;JUNIN;06615;HOSPITAL REGIONAL DOCENTE MATERNO INFANTIL EL CARMEN;HOSPITAL;A;U;03552;FERROSO SULFATO 300 mg (Equiv. 60 mg Fe)  TABLETA;M;SD;TABLETA;SOBRESTOCK;202503;48176;68387;5698.916667;12;8.45
017;JUNIN;06615;HOSPITAL REGIONAL DOCENTE MATERNO INFANTIL EL CARMEN;HOSPITAL;A;U;05335;PARACETAMOL 500 mg  TABLETA;M;SD;TABLETA;SOBRESTOCK;202503;38675;66233;5519.416667;12;7.01
017;JUNIN;06615;HOSPITAL REGIONAL DOCENTE MATERNO INFANTIL EL CARMEN;HOSPITAL;A;U;01636;CEFALEXINA 500 mg  TABLETA;M;SD;TABLETA;SOBRESTOCK;202503;33355;23555;1962.916667;12;16.99
017;JUNIN;06615;HOSPITAL REGIONAL DOCENTE MATERNO INFANTIL EL CARMEN;HOSPITAL;A;U;08013;AGUA PARA INYECCION  1 L INYECTABLE;M;SC/SD;INYECTABLE;SOBRESTOCK;202503;27569;23971;1997.583333;12;13.8
017;JUNIN;06615;HOSPITAL REGIONAL DOCENTE MATERNO INFANTIL EL CARMEN;HOSPITAL;A;U;01958;CLINDAMICINA (COMO FOSFATO) 600 mg 4 mL INYECTABLE;M;SD;INYECTABLE;SOBRESTOCK;202503;24057;18489;1540.75;12;15.61
017;JUNIN;06615;HOSPITAL REGIONAL DOCENTE MATERNO INFANTIL EL CARMEN;HOSPITAL;A;U;04696;METFORMINA CLORHIDRATO 850 mg  TABLETA;M;SD;TABLETA;SOBRESTOCK;202503;22386;20156;1679.666667;12;13.33
017;JUNIN;06615;HOSPITAL REGIONAL DOCENTE MATERNO INFANTIL EL CARMEN;HOSPITAL;A;U;00750;AMOXICILINA + ACIDO CLAVULANICO (COMO SAL POTASICA) 500 mg + 125 mg  TABLETA;M;SD;TABLETA;SOBRESTOCK;202503;22007;17469;1455.75;12;15.12
017;JUNIN;06615;HOSPITAL REGIONAL DOCENTE MATERNO INFANTIL EL CARMEN;HOSPITAL;A;U;01846;CIPROFLOXACINO (COMO CLORHIDRATO) 500 mg  TABLETA;M;SD;TABLETA;SOBRESTOCK;202503;19831;8764;730.333333;12;27.15
017;JUNIN;06615;HOSPITAL REGIONAL DOCENTE MATERNO INFANTIL EL CARMEN;HOSPITAL;A;U;05253;OXITOCINA 10 UI 1 mL INYECTABLE;M;SD;INYECTABLE;SOBRESTOCK;202503;19622;35596;2966.333333;12;6.61
017;JUNIN;06615;HOSPITAL REGIONAL DOCENTE MATERNO INFANTIL EL CARMEN;HOSPITAL;A;U;05872;SODIO CLORURO 900 mg/100 mL (0.9 %) 100 mL INYECTABLE;M;SC/SD;INYECTABLE;NO APLICA;202503;19489;21056;1754.666667;12;11.11
017;JUNIN;06615;HOSPITAL REGIONAL DOCENTE MATERNO INFANTIL EL CARMEN;HOSPITAL;A;U;40803;VALPROATO SODICO (TABLETA DE LIBERACION MODIFICADA) 500 mg  TABLETA;M;SD;TABLETA;SOBRESTOCK;202503;18352;11525;960.416667;12;19.11
017;JUNIN;06615;HOSPITAL REGIONAL DOCENTE MATERNO INFANTIL EL CARMEN;HOSPITAL;A;U;06231;TRAMADOL CLORHIDRATO 50 mg/mL 1 mL INYECTABLE;M;SC/SD;INYECTABLE;SOBRESTOCK;202503;17982;13785;1148.75;12;15.65
017;JUNIN;06615;HOSPITAL REGIONAL DOCENTE MATERNO INFANTIL EL CARMEN;HOSPITAL;A;U;04982;NAPROXENO 500 mg  TABLETA;M;SD;TABLETA;SOBRESTOCK;202503;17214;14961;1246.75;12;13.81
017;JUNIN;06615;HOSPITAL REGIONAL DOCENTE MATERNO INFANTIL EL CARMEN;HOSPITAL;A;U;01964;CLINDAMICINA (COMO CLORHIDRATO) 300 mg  TABLETA;M;SD;TABLETA;SOBRESTOCK;202503;16657;16603;1383.583333;12;12.04
017;JUNIN;06615;HOSPITAL REGIONAL DOCENTE MATERNO INFANTIL EL CARMEN;HOSPITAL;A;U;03513;ACIDO FOLICO + FERROSO SULFATO (Equiv. de Hierro elemental) 400 µg + 60 mg Fe  TABLETA;M;SD;TABLETA;SOBRESTOCK;202503;15890;21181;1765.083333;12;9
017;JUNIN;06615;HOSPITAL REGIONAL DOCENTE MATERNO INFANTIL EL CARMEN;HOSPITAL;A;U;01532;CARBAMAZEPINA 200 mg  TABLETA;M;SD;TABLETA;SOBRESTOCK;202503;15224;7168;597.333333;12;25.49
017;JUNIN;06615;HOSPITAL REGIONAL DOCENTE MATERNO INFANTIL EL CARMEN;HOSPITAL;A;U;35040;OMEPRAZOL (TABLETA DE LIBERACION MODIFICADA) 20 mg  TABLETA;M;SD;TABLETA;SOBRESTOCK;202503;15053;16914;1409.5;12;10.68
017;JUNIN;06615;HOSPITAL REGIONAL DOCENTE MATERNO INFANTIL EL CARMEN;HOSPITAL;A;U;00091;ACIDO ACETILSALICILICO 100 mg  TABLETA;M;SC/SD;TABLETA;SOBRESTOCK;202503;15038;9580;798.333333;12;18.84
017;JUNIN;06615;HOSPITAL REGIONAL DOCENTE MATERNO INFANTIL EL CARMEN;HOSPITAL;A;U;05551;POTASIO CLORURO 20 g/100 mL 10 mL INYECTABLE;M;SD;INYECTABLE;SOBRESTOCK;202503;13987;11513;959.416667;12;14.58
017;JUNIN;06615;HOSPITAL REGIONAL DOCENTE MATERNO INFANTIL EL CARMEN;HOSPITAL;A;U;04034;IBUPROFENO 400 mg  TABLETA;M;SD;TABLETA;NORMOSTOCK;202503;13873;59287;4940.583333;12;2.81
017;JUNIN;06615;HOSPITAL REGIONAL DOCENTE MATERNO INFANTIL EL CARMEN;HOSPITAL;A;U;04523;LOSARTAN POTASICO 50 mg  TABLETA;M;SD;TABLETA;NORMOSTOCK;202503;13469;29931;2494.25;12;5.4
017;JUNIN;06615;HOSPITAL REGIONAL DOCENTE MATERNO INFANTIL EL CARMEN;HOSPITAL;A;U;03787;DEXTROSA 333 mg/mL (33 %) 20 mL INYECTABLE;M;SD;INYECTABLE;SOBRESTOCK;202503;13425;7368;614;12;21.86
017;JUNIN;06615;HOSPITAL REGIONAL DOCENTE MATERNO INFANTIL EL CARMEN;HOSPITAL;A;U;05889;SODIO CLORURO 20 g/100 mL (20 %) 20 mL INYECTABLE;M;SD;INYECTABLE;SOBRESTOCK;202503;13034;12994;1082.833333;12;12.04
017;JUNIN;06615;HOSPITAL REGIONAL DOCENTE MATERNO INFANTIL EL CARMEN;HOSPITAL;A;U;00808;AMOXICILINA 500 mg  TABLETA;M;SD;TABLETA;SOBRESTOCK;202503;12223;12785;1065.416667;12;11.47
017;JUNIN;06615;HOSPITAL REGIONAL DOCENTE MATERNO INFANTIL EL CARMEN;HOSPITAL;A;U;03018;DOXICICLINA 100 mg  TABLETA;M;SD;TABLETA;SOBRESTOCK;202503;12170;18807;1567.25;12;7.77
017;JUNIN;06615;HOSPITAL REGIONAL DOCENTE MATERNO INFANTIL EL CARMEN;HOSPITAL;A;U;02003;CLONAZEPAM 500 µg (0.5 mg)  TABLETA;M;SD;TABLETA;SOBRESTOCK;202503;11454;5113;426.083333;12;26.88
017;JUNIN;06615;HOSPITAL REGIONAL DOCENTE MATERNO INFANTIL EL CARMEN;HOSPITAL;A;U;05880;SODIO CLORURO 900 mg/100 mL (0.9 %) 250 mL INYECTABLE;M;SC/SD;INYECTABLE;NO APLICA;202503;11356;7446;620.5;12;18.3
017;JUNIN;06615;HOSPITAL REGIONAL DOCENTE MATERNO INFANTIL EL CARMEN;HOSPITAL;A;U;02836;DICLOXACILINA (COMO SAL SODICA) 500 mg  TABLETA;M;SD;TABLETA;SOBRESTOCK;202503;11182;4744;395.333333;12;28.28
017;JUNIN;06615;HOSPITAL REGIONAL DOCENTE MATERNO INFANTIL EL CARMEN;HOSPITAL;A;U;01711;CEFUROXIMA (COMO AXETIL) 500 mg  TABLETA;M;SC/SD;TABLETA;SOBRESTOCK;202503;11037;11512;959.333333;12;11.5
017;JUNIN;06615;HOSPITAL REGIONAL DOCENTE MATERNO INFANTIL EL CARMEN;HOSPITAL;A;U;00200;ACIDO FOLICO 500 µg (0.5 mg)  TABLETA;M;SD;TABLETA;SOBRESTOCK;202503;10676;13576;1131.333333;12;9.44
017;JUNIN;06615;HOSPITAL REGIONAL DOCENTE MATERNO INFANTIL EL CARMEN;HOSPITAL;A;U;03097;EPINEFRINA (COMO CLORHIDRATO O TARTRATO) 1 mg/mL 1 mL INYECTABLE;M;SD;INYECTABLE;SOBRESTOCK;202503;10442;10512;876;12;11.92
017;JUNIN;06615;HOSPITAL REGIONAL DOCENTE MATERNO INFANTIL EL CARMEN;HOSPITAL;A;U;01522;CAPTOPRIL 25 mg  TABLETA;M;SC/SD;TABLETA;SOBRESTOCK;202503;10353;6095;507.916667;12;20.38
017;JUNIN;06615;HOSPITAL REGIONAL DOCENTE MATERNO INFANTIL EL CARMEN;HOSPITAL;A;U;00903;ATORVASTATINA (COMO SAL CALCICA) 20 mg  TABLETA;M;SC/SD;TABLETA;SOBRESTOCK;202503;9859;6851;570.916667;12;17.27
017;JUNIN;06615;HOSPITAL REGIONAL DOCENTE MATERNO INFANTIL EL CARMEN;HOSPITAL;A;U;02642;DEXAMETASONA FOSFATO (COMO SAL SODICA) 4 mg/2 mL 2 mL INYECTABLE;M;SC/SD;INYECTABLE;SOBRESTOCK;202503;9646;17988;1499;12;6.43
017;JUNIN;06615;HOSPITAL REGIONAL DOCENTE MATERNO INFANTIL EL CARMEN;HOSPITAL;A;U;05661;RANITIDINA (COMO CLORHIDRATO) 300 mg  TABLETA;M;SD;TABLETA;NO APLICA;202503;9272;2367;215.181818;11;43.09
017;JUNIN;06615;HOSPITAL REGIONAL DOCENTE MATERNO INFANTIL EL CARMEN;HOSPITAL;A;U;04805;METRONIDAZOL 500 mg  TABLETA;M;SD;TABLETA;SOBRESTOCK;202503;8930;12767;1063.916667;12;8.39
017;JUNIN;06615;HOSPITAL REGIONAL DOCENTE MATERNO INFANTIL EL CARMEN;HOSPITAL;A;U;03515;SULFAMETOXAZOL + TRIMETOPRIMA 800 mg + 160 mg  TABLETA;M;SD;TABLETA;SOBRESTOCK;202503;8433;4011;334.25;12;25.23
017;JUNIN;06615;HOSPITAL REGIONAL DOCENTE MATERNO INFANTIL EL CARMEN;HOSPITAL;A;U;06127;TIAMINA CLORHIDRATO 100 mg  TABLETA;M;SD;TABLETA;NORMOSTOCK;202503;8310;20160;1680;12;4.95
017;JUNIN;06615;HOSPITAL REGIONAL DOCENTE MATERNO INFANTIL EL CARMEN;HOSPITAL;A;U;03710;FUROSEMIDA 10 mg/mL 2 mL INYECTABLE;M;SD;INYECTABLE;SOBRESTOCK;202503;8236;10655;887.916667;12;9.28
017;JUNIN;06615;HOSPITAL REGIONAL DOCENTE MATERNO INFANTIL EL CARMEN;HOSPITAL;A;U;18156;CEFAZOLINA (COMO SAL SODICA) CON DILUYENTE 1 g  INYECTABLE;M;SD;INYECTABLE;NORMOSTOCK;202503;8212;17716;1476.333333;12;5.56
017;JUNIN;06615;HOSPITAL REGIONAL DOCENTE MATERNO INFANTIL EL CARMEN;HOSPITAL;A;U;03576;FITOMENADIONA 10 mg/mL 1 mL INYECTABLE;M;SD;INYECTABLE;SOBRESTOCK;202503;7855;5996;499.666667;12;15.72
017;JUNIN;06615;HOSPITAL REGIONAL DOCENTE MATERNO INFANTIL EL CARMEN;HOSPITAL;A;U;04743;METOCLOPRAMIDA CLORHIDRATO 5 mg/mL 2 mL INYECTABLE;M;SD;INYECTABLE;SOBRESTOCK;202503;7302;13289;1107.416667;12;6.59
017;JUNIN;06615;HOSPITAL REGIONAL DOCENTE MATERNO INFANTIL EL CARMEN;HOSPITAL;A;U;02891;DIMENHIDRINATO 50 mg  TABLETA;M;SD;TABLETA;SOBRESTOCK;202503;7213;2953;246.083333;12;29.31
017;JUNIN;06615;HOSPITAL REGIONAL DOCENTE MATERNO INFANTIL EL CARMEN;HOSPITAL;A;U;04666;MEROPENEM 500 mg  INYECTABLE;M;SC/SD;INYECTABLE;SOBRESTOCK;202503;7205;8083;673.583333;12;10.7
017;JUNIN;06615;HOSPITAL REGIONAL DOCENTE MATERNO INFANTIL EL CARMEN;HOSPITAL;A;U;02149;CLORFENAMINA MALEATO 4 mg  TABLETA;M;SD;TABLETA;SOBRESTOCK;202503;6857;10680;890;12;7.7
017;JUNIN;06615;HOSPITAL REGIONAL DOCENTE MATERNO INFANTIL EL CARMEN;HOSPITAL;A;U;04701;METILDOPA 250 mg  TABLETA;M;SD;TABLETA;SOBRESTOCK;202503;6524;11473;956.083333;12;6.82
017;JUNIN;06615;HOSPITAL REGIONAL DOCENTE MATERNO INFANTIL EL CARMEN;HOSPITAL;A;U;04847;MISOPROSTOL 200 µg  TABLETA;M;SC/SD;TABLETA;SOBRESTOCK;202503;6466;7127;593.916667;12;10.89
017;JUNIN;06615;HOSPITAL REGIONAL DOCENTE MATERNO INFANTIL EL CARMEN;HOSPITAL;A;U;02788;DICLOFENACO SODICO 25 mg/mL 3 mL INYECTABLE;M;SD;INYECTABLE;SOBRESTOCK;202503;6397;9248;770.666667;12;8.3
017;JUNIN;06615;HOSPITAL REGIONAL DOCENTE MATERNO INFANTIL EL CARMEN;HOSPITAL;A;U;06471;VANCOMICINA CLORHIDRATO 500 mg  INYECTABLE;M;SD;INYECTABLE;SOBRESTOCK;202503;5765;9750;812.5;12;7.1
017;JUNIN;06615;HOSPITAL REGIONAL DOCENTE MATERNO INFANTIL EL CARMEN;HOSPITAL;A;U;00947;AZITROMICINA 500 mg  TABLETA;M;SD;TABLETA;SOBRESTOCK;202503;5553;4804;400.333333;12;13.87
017;JUNIN;06615;HOSPITAL REGIONAL DOCENTE MATERNO INFANTIL EL CARMEN;HOSPITAL;A;U;04390;LIDOCAINA CLORHIDRATO SIN PRESERVANTES 2 g/100 mL (2 %) 20 mL INYECTABLE;M;SD;INYECTABLE;SOBRESTOCK;202503;5510;3768;314;12;17.55
017;JUNIN;06615;HOSPITAL REGIONAL DOCENTE MATERNO INFANTIL EL CARMEN;HOSPITAL;A;U;20635;CARBONATO DE CALCIO 1.25 g (Equiv. a 500 mg de Calcio)  TABLETA;M;SD;TABLETA;SOBRESTOCK;202503;5491;7091;590.916667;12;9.29
017;JUNIN;06615;HOSPITAL REGIONAL DOCENTE MATERNO INFANTIL EL CARMEN;HOSPITAL;A;U;01684;CEFTRIAXONA SODICA 1 g  INYECTABLE;M;SD;INYECTABLE;NORMOSTOCK;202503;5383;16789;1399.083333;12;3.85
017;JUNIN;06615;HOSPITAL REGIONAL DOCENTE MATERNO INFANTIL EL CARMEN;HOSPITAL;A;U;05658;RANITIDINA (COMO CLORHIDRATO) 25 mg/mL 2 mL INYECTABLE;M;SD;INYECTABLE;NO APLICA;202503;5105;8904;809.454545;11;6.31
017;JUNIN;06615;HOSPITAL REGIONAL DOCENTE MATERNO INFANTIL EL CARMEN;HOSPITAL;A;U;03783;DEXTROSA 10 g/100 mL (10 %) 1 L INYECTABLE;M;SD;INYECTABLE;SOBRESTOCK;202503;4794;2200;183.333333;12;26.15
017;JUNIN;06615;HOSPITAL REGIONAL DOCENTE MATERNO INFANTIL EL CARMEN;HOSPITAL;A;U;05018;NIFEDIPINO 10 mg  TABLETA;M;SD;TABLETA;SOBRESTOCK;202503;4783;9209;767.416667;12;6.23
017;JUNIN;06615;HOSPITAL REGIONAL DOCENTE MATERNO INFANTIL EL CARMEN;HOSPITAL;A;U;01537;CARBIDOPA + LEVODOPA 25 mg + 250 mg  TABLETA;M;SC/SD;TABLETA;SOBRESTOCK;202503;4699;5910;492.5;12;9.54
017;JUNIN;06615;HOSPITAL REGIONAL DOCENTE MATERNO INFANTIL EL CARMEN;HOSPITAL;A;U;04381;LEVOTIROXINA SODICA 100 µg (0.1 mg)  TABLETA;M;SC/SD;TABLETA;SOBRESTOCK;202503;4620;5373;447.75;12;10.32
017;JUNIN;06615;HOSPITAL REGIONAL DOCENTE MATERNO INFANTIL EL CARMEN;HOSPITAL;A;U;05309;PARACETAMOL 120 mg/5 mL 60 mL JARABE;M;SD;JARABE;SOBRESTOCK;202503;4527;5786;482.166667;12;9.39
017;JUNIN;06615;HOSPITAL REGIONAL DOCENTE MATERNO INFANTIL EL CARMEN;HOSPITAL;A;U;04332;LAMOTRIGINA 50 mg  TABLETA;M;SC/SD;TABLETA;SOBRESTOCK;202503;4506;3282;273.5;12;16.48
017;JUNIN;06615;HOSPITAL REGIONAL DOCENTE MATERNO INFANTIL EL CARMEN;HOSPITAL;A;U;03078;ENALAPRIL MALEATO 10 mg  TABLETA;M;SD;TABLETA;SOBRESTOCK;202503;4377;7931;660.916667;12;6.62
017;JUNIN;06615;HOSPITAL REGIONAL DOCENTE MATERNO INFANTIL EL CARMEN;HOSPITAL;A;U;04776;METRONIDAZOL 500 mg 100 mL INYECTABLE;M;SD;INYECTABLE;SOBRESTOCK;202503;4328;3708;309;12;14.01
017;JUNIN;06615;HOSPITAL REGIONAL DOCENTE MATERNO INFANTIL EL CARMEN;HOSPITAL;A;U;19239;BUPIVACAINA CLORHIDRATO + DEXTROSA 20 mg + 320 mg 4 mL INYECTABLE;M;SC/SD;INYECTABLE;SOBRESTOCK;202503;4291;2787;232.25;12;18.48
017;JUNIN;06615;HOSPITAL REGIONAL DOCENTE MATERNO INFANTIL EL CARMEN;HOSPITAL;A;U;03751;GENTAMICINA (COMO SULFATO) 40 mg/mL 2 mL INYECTABLE;M;SD;INYECTABLE;SOBRESTOCK;202503;4274;3477;289.75;12;14.75
017;JUNIN;06615;HOSPITAL REGIONAL DOCENTE MATERNO INFANTIL EL CARMEN;HOSPITAL;A;U;02004;CLONAZEPAM 2 mg  TABLETA;M;SD;TABLETA;SOBRESTOCK;202503;4196;1531;139.181818;11;30.15
017;JUNIN;06615;HOSPITAL REGIONAL DOCENTE MATERNO INFANTIL EL CARMEN;HOSPITAL;A;U;00830;AMPICILINA SODICA 1 g  INYECTABLE;M;SD;INYECTABLE;SOBRESTOCK;202503;4160;5235;436.25;12;9.54
017;JUNIN;06615;HOSPITAL REGIONAL DOCENTE MATERNO INFANTIL EL CARMEN;HOSPITAL;A;U;03713;FUROSEMIDA 40 mg  TABLETA;M;SC/SD;TABLETA;SOBRESTOCK;202503;4053;3338;278.166667;12;14.57
017;JUNIN;06615;HOSPITAL REGIONAL DOCENTE MATERNO INFANTIL EL CARMEN;HOSPITAL;A;U;03317;ETILEFRINA 10 mg/mL 1 mL INYECTABLE;M;SD;INYECTABLE;SOBRESTOCK;202503;4025;2614;217.833333;12;18.48
017;JUNIN;06615;HOSPITAL REGIONAL DOCENTE MATERNO INFANTIL EL CARMEN;HOSPITAL;A;U;00269;ALBENDAZOL 200 mg  TABLETA;M;SD;TABLETA;SOBRESTOCK;202503;3807;5120;426.666667;12;8.92
017;JUNIN;06615;HOSPITAL REGIONAL DOCENTE MATERNO INFANTIL EL CARMEN;HOSPITAL;A;U;03451;FENITOINA SODICA 100 mg  TABLETA;M;SC/SD;TABLETA;NORMOSTOCK;202503;3609;11638;969.833333;12;3.72
017;JUNIN;06615;HOSPITAL REGIONAL DOCENTE MATERNO INFANTIL EL CARMEN;HOSPITAL;A;U;03789;DEXTROSA 5 g/100 mL (5 %) 1 L INYECTABLE;M;SD;INYECTABLE;SOBRESTOCK;202503;3565;6322;526.833333;12;6.77
017;JUNIN;06615;HOSPITAL REGIONAL DOCENTE MATERNO INFANTIL EL CARMEN;HOSPITAL;A;U;04514;LORATADINA 10 mg  TABLETA;M;SD;TABLETA;SOBRESTOCK;202503;3547;6152;512.666667;12;6.92
017;JUNIN;06615;HOSPITAL REGIONAL DOCENTE MATERNO INFANTIL EL CARMEN;HOSPITAL;A;U;01467;CALCIO GLUCONATO 100 mg/mL (Equiv. a 8.4 mg/mL de Calc 10 mL INYECTABLE;M;SD;INYECTABLE;NORMOSTOCK;202503;3528;7136;594.666667;12;5.93
017;JUNIN;06615;HOSPITAL REGIONAL DOCENTE MATERNO INFANTIL EL CARMEN;HOSPITAL;A;U;04365;LEVOFLOXACINO 500 mg  TABLETA;M;SD;TABLETA;SOBRESTOCK;202503;3471;3835;319.583333;12;10.86
017;JUNIN;06615;HOSPITAL REGIONAL DOCENTE MATERNO INFANTIL EL CARMEN;HOSPITAL;A;U;05151;OMEPRAZOL (COMO SAL SODICA) 40 mg  INYECTABLE;M;SD;INYECTABLE;SOBRESTOCK;202503;3315;3246;270.5;12;12.26
017;JUNIN;06615;HOSPITAL REGIONAL DOCENTE MATERNO INFANTIL EL CARMEN;HOSPITAL;A;U;03224;ESPIRONOLACTONA 25 mg  TABLETA;M;SC/SD;TABLETA;SOBRESTOCK;202503;3241;4115;342.916667;12;9.45
017;JUNIN;06615;HOSPITAL REGIONAL DOCENTE MATERNO INFANTIL EL CARMEN;HOSPITAL;A;U;03501;FENTANILO 50 µg/mL 10 mL INYECTABLE;M;SD;INYECTABLE;SOBRESTOCK;202503;3172;4587;382.25;12;8.3
017;JUNIN;06615;HOSPITAL REGIONAL DOCENTE MATERNO INFANTIL EL CARMEN;HOSPITAL;A;U;05281;PARACETAMOL 100 mg/mL 10 mL SOLUCION;M;SD;SOLUCION;SOBRESTOCK;202503;3075;2037;169.75;12;18.11
017;JUNIN;06615;HOSPITAL REGIONAL DOCENTE MATERNO INFANTIL EL CARMEN;HOSPITAL;A;U;03747;GENTAMICINA (COMO SULFATO) 80 mg/mL 2 mL INYECTABLE;M;SC/SD;INYECTABLE;SOBRESTOCK;202503;3009;3148;262.333333;12;11.47
017;JUNIN;06615;HOSPITAL REGIONAL DOCENTE MATERNO INFANTIL EL CARMEN;HOSPITAL;A;U;18157;CEFTAZIDIMA CON DILUYENTE 1 g  INYECTABLE;M;SD;INYECTABLE;SOBRESTOCK;202503;2946;3560;296.666667;12;9.93
017;JUNIN;06615;HOSPITAL REGIONAL DOCENTE MATERNO INFANTIL EL CARMEN;HOSPITAL;A;U;05211;OXACILINA 1 g  INYECTABLE;M;SC/SD;INYECTABLE;SOBRESTOCK;202503;2887;3416;284.666667;12;10.14
017;JUNIN;06615;HOSPITAL REGIONAL DOCENTE MATERNO INFANTIL EL CARMEN;HOSPITAL;A;U;01930;CLARITROMICINA 500 mg  TABLETA;M;SD;TABLETA;SOBRESTOCK;202503;2833;2004;167;12;16.96
017;JUNIN;06615;HOSPITAL REGIONAL DOCENTE MATERNO INFANTIL EL CARMEN;HOSPITAL;A;U;19238;HIERRO (COMO SACARATO) 20 mg Fe/mL 5 mL INYECTABLE;M;SC/SD;INYECTABLE;SOBRESTOCK;202503;2828;3577;298.083333;12;9.49
017;JUNIN;06615;HOSPITAL REGIONAL DOCENTE MATERNO INFANTIL EL CARMEN;HOSPITAL;A;U;29001;CAFEINA CITRATO 20 mg/mL 1 mL INYECTABLE;M;SC/SD;INYECTABLE;SOBRESTOCK;202503;2715;3359;279.916667;12;9.7
017;JUNIN;06615;HOSPITAL REGIONAL DOCENTE MATERNO INFANTIL EL CARMEN;HOSPITAL;A;U;03223;ESPIRONOLACTONA 100 mg  TABLETA;M;SD;TABLETA;SOBRESTOCK;202503;2700;1030;206;5;13.11
017;JUNIN;06615;HOSPITAL REGIONAL DOCENTE MATERNO INFANTIL EL CARMEN;HOSPITAL;A;U;04024;IBUPROFENO 100 mg/5 mL 60 mL SUSPENSION;M;SD;SUSPENSION;SOBRESTOCK;202503;2651;2029;169.083333;12;15.68
017;JUNIN;06615;HOSPITAL REGIONAL DOCENTE MATERNO INFANTIL EL CARMEN;HOSPITAL;A;U;02884;DIMENHIDRINATO 50 mg 5 mL INYECTABLE;M;SD;INYECTABLE;SOBRESTOCK;202503;2647;4392;366;12;7.23
017;JUNIN;06615;HOSPITAL REGIONAL DOCENTE MATERNO INFANTIL EL CARMEN;HOSPITAL;A;U;03215;ESCOPOLAMINA N-BUTILBROMURO 10 mg  TABLETA;M;SC/SD;TABLETA;SOBRESTOCK;202503;2646;4165;347.083333;12;7.62
017;JUNIN;06615;HOSPITAL REGIONAL DOCENTE MATERNO INFANTIL EL CARMEN;HOSPITAL;A;U;00910;ATROPINA SULFATO 1 mg/mL 1 mL INYECTABLE;M;SC/SD;INYECTABLE;SOBRESTOCK;202503;2554;3884;323.666667;12;7.89
017;JUNIN;06615;HOSPITAL REGIONAL DOCENTE MATERNO INFANTIL EL CARMEN;HOSPITAL;A;U;04187;KETAMINA (COMO CLORHIDRATO) 50 mg/mL 10 mL INYECTABLE;M;SC/SD;INYECTABLE;SOBRESTOCK;202503;2475;1753;146.083333;12;16.94
017;JUNIN;06615;HOSPITAL REGIONAL DOCENTE MATERNO INFANTIL EL CARMEN;HOSPITAL;A;U;10221;ALCOHOL ETILICO (ETANOL) 70° 1 L SOLUCION;M;SD;SOLUCION;SOBRESTOCK;202503;2443;206;17.166667;12;142.31
017;JUNIN;06615;HOSPITAL REGIONAL DOCENTE MATERNO INFANTIL EL CARMEN;HOSPITAL;A;U;00725;AMOXICILINA + ACIDO CLAVULANICO (COMO SAL POTASICA) 250 mg + 62.5 mg/5 mL 60 mL SUSPENSION;M;SD;SUSPENSION;SOBRESTOCK;202503;2263;1343;111.916667;12;20.22
017;JUNIN;06615;HOSPITAL REGIONAL DOCENTE MATERNO INFANTIL EL CARMEN;HOSPITAL;A;U;00393;ALPRAZOLAM 500 µg (0.5 mg)  TABLETA;M;SC/SD;TABLETA;NORMOSTOCK;202503;2257;6756;563;12;4.01
017;JUNIN;06615;HOSPITAL REGIONAL DOCENTE MATERNO INFANTIL EL CARMEN;HOSPITAL;A;U;03718;GABAPENTINA 300 mg  TABLETA;M;SC/SD;TABLETA;SOBRESTOCK;202503;2247;3309;275.75;12;8.15
017;JUNIN;06615;HOSPITAL REGIONAL DOCENTE MATERNO INFANTIL EL CARMEN;HOSPITAL;A;U;02657;DEXAMETASONA 4 mg  TABLETA;M;SD;TABLETA;NORMOSTOCK;202503;2145;4848;404;12;5.31
017;JUNIN;06615;HOSPITAL REGIONAL DOCENTE MATERNO INFANTIL EL CARMEN;HOSPITAL;A;U;01213;BETAMETASONA (COMO FOSFATO SODICO) 4 mg/mL 1 mL INYECTABLE;M;SD;INYECTABLE;SOBRESTOCK;202503;2144;2083;173.583333;12;12.35
017;JUNIN;06615;HOSPITAL REGIONAL DOCENTE MATERNO INFANTIL EL CARMEN;HOSPITAL;A;U;00225;ACIDO TRANEXAMICO 250 mg  TABLETA;M;SC/SD;TABLETA;NORMOSTOCK;202503;2135;4808;400.666667;12;5.33
017;JUNIN;06615;HOSPITAL REGIONAL DOCENTE MATERNO INFANTIL EL CARMEN;HOSPITAL;A;U;00673;AMLODIPINO (COMO BESILATO) 5 mg  TABLETA;M;SC/SD;TABLETA;SOBRESTOCK;202503;2092;2254;187.833333;12;11.14
017;JUNIN;06615;HOSPITAL REGIONAL DOCENTE MATERNO INFANTIL EL CARMEN;HOSPITAL;A;U;26361;BROMURO DE VECURONIO 4 mg  INYECTABLE;M;SC/SD;INYECTABLE;SOBRESTOCK;202503;1983;665;55.416667;12;35.78
017;JUNIN;06615;HOSPITAL REGIONAL DOCENTE MATERNO INFANTIL EL CARMEN;HOSPITAL;A;U;03191;ERITROMICINA 500 mg  TABLETA;M;SD;TABLETA;SOBRESTOCK;202503;1979;584;48.666667;12;40.66
017;JUNIN;06615;HOSPITAL REGIONAL DOCENTE MATERNO INFANTIL EL CARMEN;HOSPITAL;A;U;00794;AMOXICILINA 250 mg/5 mL 60 mL SUSPENSION;M;SD;SUSPENSION;SOBRESTOCK;202503;1951;1222;101.833333;12;19.16
017;JUNIN;06615;HOSPITAL REGIONAL DOCENTE MATERNO INFANTIL EL CARMEN;HOSPITAL;A;U;02354;CLOTRIMAZOL 500 mg  OVULO;M;SD;OVULO;SOBRESTOCK;202503;1944;2762;230.166667;12;8.45
017;JUNIN;06615;HOSPITAL REGIONAL DOCENTE MATERNO INFANTIL EL CARMEN;HOSPITAL;A;U;01628;CEFALEXINA 250 mg/5 mL 60 mL SUSPENSION;M;SC/SD;SUSPENSION;SOBRESTOCK;202503;1914;1317;109.75;12;17.44
017;JUNIN;06615;HOSPITAL REGIONAL DOCENTE MATERNO INFANTIL EL CARMEN;HOSPITAL;A;U;05588;PREDNISONA 20 mg  TABLETA;M;SD;TABLETA;SOBRESTOCK;202503;1886;3091;257.583333;12;7.32
017;JUNIN;06615;HOSPITAL REGIONAL DOCENTE MATERNO INFANTIL EL CARMEN;HOSPITAL;A;U;00389;ALOPURINOL 100 mg  TABLETA;M;SC/SD;TABLETA;SOBRESTOCK;202503;1844;1515;137.727273;11;13.39
017;JUNIN;06615;HOSPITAL REGIONAL DOCENTE MATERNO INFANTIL EL CARMEN;HOSPITAL;A;U;00900;ATENOLOL 100 mg  TABLETA;M;SC/SD;TABLETA;SOBRESTOCK;202503;1742;1346;112.166667;12;15.53
017;JUNIN;06615;HOSPITAL REGIONAL DOCENTE MATERNO INFANTIL EL CARMEN;HOSPITAL;A;U;01800;CILASTATINA + IMIPENEM (COMO SAL SODICA) 500 mg + 500 mg  INYECTABLE;M;SD;INYECTABLE;SOBRESTOCK;202503;1728;1077;89.75;12;19.25
017;JUNIN;06615;HOSPITAL REGIONAL DOCENTE MATERNO INFANTIL EL CARMEN;HOSPITAL;A;U;00143;ACICLOVIR 200 mg  TABLETA;M;SC/SD;TABLETA;SOBRESTOCK;202503;1695;2217;184.75;12;9.17
017;JUNIN;06615;HOSPITAL REGIONAL DOCENTE MATERNO INFANTIL EL CARMEN;HOSPITAL;A;U;03758;GLIBENCLAMIDA 5 mg  TABLETA;M;SD;TABLETA;NORMOSTOCK;202503;1680;4369;364.083333;12;4.61
017;JUNIN;06615;HOSPITAL REGIONAL DOCENTE MATERNO INFANTIL EL CARMEN;HOSPITAL;A;U;04556;MAGNESIO SULFATO 200 mg/mL 10 mL INYECTABLE;M;SD;INYECTABLE;SOBRESTOCK;202503;1620;1448;120.666667;12;13.43
017;JUNIN;06615;HOSPITAL REGIONAL DOCENTE MATERNO INFANTIL EL CARMEN;HOSPITAL;A;U;00627;AMIKACINA (COMO SULFATO) 250 mg/mL 2 mL INYECTABLE;M;SD;INYECTABLE;SOBRESTOCK;202503;1575;1215;101.25;12;15.56
017;JUNIN;06615;HOSPITAL REGIONAL DOCENTE MATERNO INFANTIL EL CARMEN;HOSPITAL;A;U;02391;COLCHICINA 500 µg (0.5 mg)  TABLETA;M;SC/SD;TABLETA;SOBRESTOCK;202503;1463;1214;101.166667;12;14.46
017;JUNIN;06615;HOSPITAL REGIONAL DOCENTE MATERNO INFANTIL EL CARMEN;HOSPITAL;A;U;01323;BROMOCRIPTINA (COMO MESILATO) 2.5 mg  TABLETA;M;SD;TABLETA;SOBRESTOCK;202503;1458;110;10;11;145.8
017;JUNIN;06615;HOSPITAL REGIONAL DOCENTE MATERNO INFANTIL EL CARMEN;HOSPITAL;A;U;01032;BENCILPENICILINA SODICA 1000000 UI  INYECTABLE;M;SC/SD;INYECTABLE;SOBRESTOCK;202503;1444;826;68.833333;12;20.98
017;JUNIN;06615;HOSPITAL REGIONAL DOCENTE MATERNO INFANTIL EL CARMEN;HOSPITAL;A;U;05731;SALBUTAMOL (COMO SULFATO) 100 µg/DOSIS 200 DOSIS AEROSOL;M;SD;AEROSOL;SOBRESTOCK;202503;1427;711;59.25;12;24.08
017;JUNIN;06615;HOSPITAL REGIONAL DOCENTE MATERNO INFANTIL EL CARMEN;HOSPITAL;A;U;02128;CLORFENAMINA MALEATO 10 mg/mL 1 mL INYECTABLE;M;SD;INYECTABLE;SOBRESTOCK;202503;1367;2289;190.75;12;7.17
017;JUNIN;06615;HOSPITAL REGIONAL DOCENTE MATERNO INFANTIL EL CARMEN;HOSPITAL;A;U;01657;CEFOTAXIMA (COMO SAL SODICA) 500 mg  INYECTABLE;M;SC/SD;INYECTABLE;SOBRESTOCK;202503;1350;1333;111.083333;12;12.15
017;JUNIN;06615;HOSPITAL REGIONAL DOCENTE MATERNO INFANTIL EL CARMEN;HOSPITAL;A;U;06239;TRAMADOL CLORHIDRATO 50 mg  TABLETA;M;SC/SD;TABLETA;SOBRESTOCK;202503;1349;1528;127.333333;12;10.59
017;JUNIN;06615;HOSPITAL REGIONAL DOCENTE MATERNO INFANTIL EL CARMEN;HOSPITAL;A;U;01837;CIPROFLOXACINO (COMO LACTATO) 200 mg 100 mL INYECTABLE;M;SD;INYECTABLE;SOBRESTOCK;202503;1279;963;80.25;12;15.94
017;JUNIN;06615;HOSPITAL REGIONAL DOCENTE MATERNO INFANTIL EL CARMEN;HOSPITAL;A;U;03788;DEXTROSA 5 g/100 mL (5 %) 100 mL INYECTABLE;M;SC/SD;INYECTABLE;NORMOSTOCK;202503;1252;2689;224.083333;12;5.59
017;JUNIN;06615;HOSPITAL REGIONAL DOCENTE MATERNO INFANTIL EL CARMEN;HOSPITAL;A;U;03921;HIDROCLOROTIAZIDA 25 mg  TABLETA;M;SD;TABLETA;NORMOSTOCK;202503;1206;6149;512.416667;12;2.35
017;JUNIN;06615;HOSPITAL REGIONAL DOCENTE MATERNO INFANTIL EL CARMEN;HOSPITAL;A;U;05626;PROPOFOL 10 mg/mL (1 %) 20 mL INYECTABLE;M;SC/SD;INYECTABLE;NORMOSTOCK;202503;1206;2424;202;12;5.97
017;JUNIN;06615;HOSPITAL REGIONAL DOCENTE MATERNO INFANTIL EL CARMEN;HOSPITAL;A;U;03595;FLUCONAZOL 150 mg  TABLETA;M;SD;TABLETA;SOBRESTOCK;202503;1200;1710;142.5;12;8.42
017;JUNIN;06615;HOSPITAL REGIONAL DOCENTE MATERNO INFANTIL EL CARMEN;HOSPITAL;A;U;05166;ORFENADRINA CITRATO 30 mg/mL 2 mL INYECTABLE;M;SC/SD;INYECTABLE;SOBRESTOCK;202503;1170;1330;110.833333;12;10.56
017;JUNIN;06615;HOSPITAL REGIONAL DOCENTE MATERNO INFANTIL EL CARMEN;HOSPITAL;A;U;04831;MIDAZOLAM 5 mg 5 mL INYECTABLE;M;SD;INYECTABLE;SOBRESTOCK;202503;1091;2097;174.75;12;6.24
017;JUNIN;06615;HOSPITAL REGIONAL DOCENTE MATERNO INFANTIL EL CARMEN;HOSPITAL;A;U;05589;PREDNISONA 5 mg  TABLETA;M;SC/SD;TABLETA;SOBRESTOCK;202503;1083;1454;121.166667;12;8.94
017;JUNIN;06615;HOSPITAL REGIONAL DOCENTE MATERNO INFANTIL EL CARMEN;HOSPITAL;A;U;02132;CLORFENAMINA MALEATO 2 mg/5 mL 120 mL JARABE;M;SC/SD;JARABE;SOBRESTOCK;202503;1074;649;54.083333;12;19.86
017;JUNIN;06615;HOSPITAL REGIONAL DOCENTE MATERNO INFANTIL EL CARMEN;HOSPITAL;A;U;05856;SODIO BICARBONATO 8.4 g/100 mL (8.4 %) 20 mL INYECTABLE;M;SD;INYECTABLE;SOBRESTOCK;202503;1016;1570;130.833333;12;7.77
017;JUNIN;06615;HOSPITAL REGIONAL DOCENTE MATERNO INFANTIL EL CARMEN;HOSPITAL;A;U;05443;PIPERACILINA + TAZOBACTAM 4 g + 500 mg  INYECTABLE;M;SC/SD;INYECTABLE;SOBRESTOCK;202503;1007;1449;120.75;12;8.34
017;JUNIN;06615;HOSPITAL REGIONAL DOCENTE MATERNO INFANTIL EL CARMEN;HOSPITAL;A;U;00990;BACLOFENO 10 mg  TABLETA;M;SC/SD;TABLETA;NORMOSTOCK;202503;928;2932;244.333333;12;3.8
017;JUNIN;06615;HOSPITAL REGIONAL DOCENTE MATERNO INFANTIL EL CARMEN;HOSPITAL;A;U;00223;ACIDO TRANEXAMICO 1 g 10 mL INYECTABLE;M;SC/SD;INYECTABLE;NORMOSTOCK;202503;927;2963;246.916667;12;3.75
017;JUNIN;06615;HOSPITAL REGIONAL DOCENTE MATERNO INFANTIL EL CARMEN;HOSPITAL;A;U;00939;AZITROMICINA 200 mg/5 mL 60 mL SUSPENSION;M;SC/SD;SUSPENSION;SOBRESTOCK;202503;910;745;62.083333;12;14.66
017;JUNIN;06615;HOSPITAL REGIONAL DOCENTE MATERNO INFANTIL EL CARMEN;HOSPITAL;A;U;03536;FERROSO SULFATO 25 mg de Fe/mL 30 mL SOLUCION;M;SD;SOLUCION;SOBRESTOCK;202503;884;709;59.083333;12;14.96
017;JUNIN;06615;HOSPITAL REGIONAL DOCENTE MATERNO INFANTIL EL CARMEN;HOSPITAL;A;U;03708;FURAZOLIDONA 100 mg  TABLETA;M;SC/SD;TABLETA;SOBRESTOCK;202503;883;386;32.166667;12;27.45
017;JUNIN;06615;HOSPITAL REGIONAL DOCENTE MATERNO INFANTIL EL CARMEN;HOSPITAL;A;U;05106;NITROGLICERINA (GLICEROLTRINITRATO) 5 mg/mL 5 mL INYECTABLE;M;SC/SD;INYECTABLE;SOBRESTOCK;202503;869;793;66.083333;12;13.15
017;JUNIN;06615;HOSPITAL REGIONAL DOCENTE MATERNO INFANTIL EL CARMEN;HOSPITAL;A;U;04415;LIDOCAINA CLORHIDRATO 2 g/100 g 10 g GEL;M;SD;GEL;SOBRESTOCK;202503;836;615;51.25;12;16.31
017;JUNIN;06615;HOSPITAL REGIONAL DOCENTE MATERNO INFANTIL EL CARMEN;HOSPITAL;A;U;04752;METOCLOPRAMIDA CLORHIDRATO 10 mg  TABLETA;M;SD;TABLETA;SOBRESTOCK;202503;832;1268;105.666667;12;7.87
017;JUNIN;06615;HOSPITAL REGIONAL DOCENTE MATERNO INFANTIL EL CARMEN;HOSPITAL;A;U;02862;DIGOXINA 250 µg (0.25 mg)  TABLETA;M;SC/SD;TABLETA;SOBRESTOCK;202503;820;368;40.888889;9;20.05
017;JUNIN;06615;HOSPITAL REGIONAL DOCENTE MATERNO INFANTIL EL CARMEN;HOSPITAL;A;U;05118;NOREPINEFRINA (COMO ACIDO TARTRATO) 1 mg/mL 4 mL INYECTABLE;M;SC/SD;INYECTABLE;SOBRESTOCK;202503;805;1208;100.666667;12;8
017;JUNIN;06615;HOSPITAL REGIONAL DOCENTE MATERNO INFANTIL EL CARMEN;HOSPITAL;A;U;02922;SIMETICONA 80 mg/mL 15 mL SUSPENSION;M;SC/SD;SUSPENSION;NORMOSTOCK;202503;793;2094;174.5;12;4.54
017;JUNIN;06615;HOSPITAL REGIONAL DOCENTE MATERNO INFANTIL EL CARMEN;HOSPITAL;A;U;04900;MORFINA (CLORHIDRATO) 10 mg 1 mL INYECTABLE;M;SC/SD;INYECTABLE;NORMOSTOCK;202503;789;1790;149.166667;12;5.29
017;JUNIN;06615;HOSPITAL REGIONAL DOCENTE MATERNO INFANTIL EL CARMEN;HOSPITAL;A;U;03443;FENITOINA SODICA 50mg/mL 2 mL INYECTABLE;M;SC/SD;INYECTABLE;NORMOSTOCK;202503;777;3086;257.166667;12;3.02
017;JUNIN;06615;HOSPITAL REGIONAL DOCENTE MATERNO INFANTIL EL CARMEN;HOSPITAL;A;U;05491;PIRIDOXINA CLORHIDRATO 50 mg  TABLETA;M;SD;TABLETA;SOBRESTOCK;202503;765;647;64.7;10;11.82
017;JUNIN;06615;HOSPITAL REGIONAL DOCENTE MATERNO INFANTIL EL CARMEN;HOSPITAL;A;U;03088;ENOXAPARINA SODICA 60 mg/0.6 mL 0.6 mL INYECTABLE;M;SC/SD;INYECTABLE;SOBRESTOCK;202503;704;352;35.2;10;20
017;JUNIN;06615;HOSPITAL REGIONAL DOCENTE MATERNO INFANTIL EL CARMEN;HOSPITAL;A;U;05590;PREDNISONA 50 mg  TABLETA;M;SD;TABLETA;SOBRESTOCK;202503;684;882;73.5;12;9.31
017;JUNIN;06615;HOSPITAL REGIONAL DOCENTE MATERNO INFANTIL EL CARMEN;HOSPITAL;A;U;23438;LIDOCAINA CLORHIDRATO + EPINEFRINA 20 mg + 12.5  µg/mL 1.8 mL INYECTABLE;M;SD;INYECTABLE;NORMOSTOCK;202503;664;1980;165;12;4.02
017;JUNIN;06615;HOSPITAL REGIONAL DOCENTE MATERNO INFANTIL EL CARMEN;HOSPITAL;A;U;00671;AMLODIPINO (COMO BESILATO) 10 mg  TABLETA;M;SD;TABLETA;NORMOSTOCK;202503;620;1375;114.583333;12;5.41
017;JUNIN;06615;HOSPITAL REGIONAL DOCENTE MATERNO INFANTIL EL CARMEN;HOSPITAL;A;U;05103;NITROFURANTOINA 100 mg  TABLETA;M;SC/SD;TABLETA;NORMOSTOCK;202503;620;1586;132.166667;12;4.69
017;JUNIN;06615;HOSPITAL REGIONAL DOCENTE MATERNO INFANTIL EL CARMEN;HOSPITAL;A;U;02724;DEXTROMETORFANO BROMHIDRATO 15 mg/5 mL 120 mL JARABE;M;SC/SD;JARABE;SOBRESTOCK;202503;611;512;42.666667;12;14.32
017;JUNIN;06615;HOSPITAL REGIONAL DOCENTE MATERNO INFANTIL EL CARMEN;HOSPITAL;A;U;04291;LACTULOSA 3.33 g/5 mL 180 mL SOLUCION;M;SD;SOLUCION;NORMOSTOCK;202503;607;1356;113;12;5.37
017;JUNIN;06615;HOSPITAL REGIONAL DOCENTE MATERNO INFANTIL EL CARMEN;HOSPITAL;A;U;26362;HIDROCORTISONA (COMO SUCCINATO SODICO) 100 mg  INYECTABLE;M;SC/SD;INYECTABLE;NORMOSTOCK;202503;604;2854;237.833333;12;2.54
017;JUNIN;06615;HOSPITAL REGIONAL DOCENTE MATERNO INFANTIL EL CARMEN;HOSPITAL;A;U;02319;CLOTRIMAZOL 1 g/100 g (1 %) 20 g CREMA;M;SC/SD;CREMA;SOBRESTOCK;202503;602;808;67.333333;12;8.94
017;JUNIN;06615;HOSPITAL REGIONAL DOCENTE MATERNO INFANTIL EL CARMEN;HOSPITAL;A;U;03591;FLUCONAZOL 2 mg/mL 50 mL INYECTABLE;M;SC/SD;INYECTABLE;SOBRESTOCK;202503;589;306;25.5;12;23.1
017;JUNIN;06615;HOSPITAL REGIONAL DOCENTE MATERNO INFANTIL EL CARMEN;HOSPITAL;A;U;05634;PROPRANOLOL CLORHIDRATO 40 mg  TABLETA;M;SC/SD;TABLETA;SOBRESTOCK;202503;587;980;89.090909;11;6.59
017;JUNIN;06615;HOSPITAL REGIONAL DOCENTE MATERNO INFANTIL EL CARMEN;HOSPITAL;A;U;19723;SALBUTAMOL (COMO SULFATO) 5 mg/mL 10 mL SOLUCION;M;SC/SD;SOLUCION;SOBRESTOCK;202503;584;665;55.416667;12;10.54
017;JUNIN;06615;HOSPITAL REGIONAL DOCENTE MATERNO INFANTIL EL CARMEN;HOSPITAL;A;U;17771;VALPROATO SODICO 250 mg/5 mL 120 mL JARABE;M;SC/SD;JARABE;SOBRESTOCK;202503;580;749;62.416667;12;9.29
017;JUNIN;06615;HOSPITAL REGIONAL DOCENTE MATERNO INFANTIL EL CARMEN;HOSPITAL;A;U;05044;NIMODIPINO 30 mg  TABLETA;M;SC/SD;TABLETA;SOBRESTOCK;202503;574;106;26.5;4;21.66
017;JUNIN;06615;HOSPITAL REGIONAL DOCENTE MATERNO INFANTIL EL CARMEN;HOSPITAL;A;U;19166;GELATINA SUCCINALADA 4 g/100 mL 500 mL INYECTABLE;M;SC/SD;INYECTABLE;SOBRESTOCK;202503;571;628;52.333333;12;10.91
017;JUNIN;06615;HOSPITAL REGIONAL DOCENTE MATERNO INFANTIL EL CARMEN;HOSPITAL;A;U;03213;ESCOPOLAMINA N-BUTILBROMURO 20 mg/mL 1 mL INYECTABLE;M;SC/SD;INYECTABLE;NORMOSTOCK;202503;567;1425;118.75;12;4.77
017;JUNIN;06615;HOSPITAL REGIONAL DOCENTE MATERNO INFANTIL EL CARMEN;HOSPITAL;A;U;00664;AMIODARONA CLORHIDRATO 200 mg  TABLETA;M;SC/SD;TABLETA;SOBRESTOCK;202503;540;218;72.666667;3;7.43
017;JUNIN;06615;HOSPITAL REGIONAL DOCENTE MATERNO INFANTIL EL CARMEN;HOSPITAL;A;U;02754;DIAZEPAM 10 mg  TABLETA;M;SD;TABLETA;SOBRESTOCK;202503;528;356;29.666667;12;17.8
017;JUNIN;06615;HOSPITAL REGIONAL DOCENTE MATERNO INFANTIL EL CARMEN;HOSPITAL;A;U;02654;DEXAMETASONA 500 µg (0.5 mg)  TABLETA;M;SC/SD;TABLETA;SOBRESTOCK;202503;500;361;40.111111;9;12.47
017;JUNIN;06615;HOSPITAL REGIONAL DOCENTE MATERNO INFANTIL EL CARMEN;HOSPITAL;A;U;20036;SALES DE REHIDRATACION ORAL  20.5 g/L POLVO;M;SD;POLVO;SOBRESTOCK;202503;490;402;33.5;12;14.63
017;JUNIN;06615;HOSPITAL REGIONAL DOCENTE MATERNO INFANTIL EL CARMEN;HOSPITAL;A;U;02752;DIAZEPAM 5 mg/mL 2 mL INYECTABLE;M;SD;INYECTABLE;SOBRESTOCK;202503;482;353;29.416667;12;16.39
017;JUNIN;06615;HOSPITAL REGIONAL DOCENTE MATERNO INFANTIL EL CARMEN;HOSPITAL;A;U;00670;AMITRIPTILINA CLORHIDRATO 25 mg  TABLETA;M;SD;TABLETA;SOBRESTOCK;202503;476;200;22.222222;9;21.42
017;JUNIN;06615;HOSPITAL REGIONAL DOCENTE MATERNO INFANTIL EL CARMEN;HOSPITAL;A;U;02979;DOBUTAMINA (COMO CLORHIDRATO) 250 mg/20 mL 20 mL INYECTABLE;M;SD;INYECTABLE;SOBRESTOCK;202503;473;479;39.916667;12;11.85
017;JUNIN;06615;HOSPITAL REGIONAL DOCENTE MATERNO INFANTIL EL CARMEN;HOSPITAL;A;U;01043;BENZATINA BENCILPENICILINA 1200000 UI  INYECTABLE;M;SC/SD;INYECTABLE;SOBRESTOCK;202503;464;311;25.916667;12;17.9
017;JUNIN;06615;HOSPITAL REGIONAL DOCENTE MATERNO INFANTIL EL CARMEN;HOSPITAL;A;U;01378;BUPIVACAINA CLORHIDRATO (SIN PRESERVANTES) 5 mg/mL (0.5 %) 20 mL INYECTABLE;M;SD;INYECTABLE;SOBRESTOCK;202503;456;346;28.833333;12;15.82
017;JUNIN;06615;HOSPITAL REGIONAL DOCENTE MATERNO INFANTIL EL CARMEN;HOSPITAL;A;U;18879;HIPROMELOSA(SOLUCION OFTALMICA) 3 mg/mL 15 mL SOLUCION;M;SC/SD;SOLUCION;SOBRESTOCK;202503;440;409;34.083333;12;12.91
017;JUNIN;06615;HOSPITAL REGIONAL DOCENTE MATERNO INFANTIL EL CARMEN;HOSPITAL;A;U;05009;NEOSTIGMINA METILSULFATO 500 µg/mL 1 mL INYECTABLE;M;SD;INYECTABLE;SOBRESTOCK;202503;436;550;45.833333;12;9.51
017;JUNIN;06615;HOSPITAL REGIONAL DOCENTE MATERNO INFANTIL EL CARMEN;HOSPITAL;A;U;02653;DEXAMETASONA 2 mg/5 mL 100 mL ELIXIR;M;SC/SD;ELIXIR;SOBRESTOCK;202503;430;558;46.5;12;9.25
017;JUNIN;06615;HOSPITAL REGIONAL DOCENTE MATERNO INFANTIL EL CARMEN;HOSPITAL;A;U;06502;WARFARINA SODICA 5 mg  TABLETA;M;SC/SD;TABLETA;SOBRESTOCK;202503;426;370;37;10;11.51
017;JUNIN;06615;HOSPITAL REGIONAL DOCENTE MATERNO INFANTIL EL CARMEN;HOSPITAL;A;U;03139;ERGOMETRINA MALEATO 200 µg/mL (0.2 mg/mL) 1 mL INYECTABLE;M;SD;INYECTABLE;SOBRESTOCK;202503;413;698;58.166667;12;7.1
017;JUNIN;06615;HOSPITAL REGIONAL DOCENTE MATERNO INFANTIL EL CARMEN;HOSPITAL;A;U;05754;SALBUTAMOL SULFATO 4 mg  TABLETA;M;SC/SD;TABLETA;NORMOSTOCK;202503;400;200;100;2;4
017;JUNIN;06615;HOSPITAL REGIONAL DOCENTE MATERNO INFANTIL EL CARMEN;HOSPITAL;A;U;26356;ACICLOVIR (COMO SAL SODICA) 250 mg  INYECTABLE;M;SC/SD;INYECTABLE;NORMOSTOCK;202503;392;924;77;12;5.09
017;JUNIN;06615;HOSPITAL REGIONAL DOCENTE MATERNO INFANTIL EL CARMEN;HOSPITAL;A;U;03452;FENOBARBITAL SODICO 100 mg/mL 2 mL INYECTABLE;M;SD;INYECTABLE;NORMOSTOCK;202503;364;942;78.5;12;4.64
017;JUNIN;06615;HOSPITAL REGIONAL DOCENTE MATERNO INFANTIL EL CARMEN;HOSPITAL;A;U;01344;BROMURO DE ROCURONIO 10 mg/mL 5 mL INYECTABLE;M;SC/SD;INYECTABLE;SOBRESTOCK;202503;362;431;35.916667;12;10.08
017;JUNIN;06615;HOSPITAL REGIONAL DOCENTE MATERNO INFANTIL EL CARMEN;HOSPITAL;A;U;03086;ENOXAPARINA SODICA 40 mg/0.4 mL 0.4 mL INYECTABLE;M;SC/SD;INYECTABLE;SOBRESTOCK;202503;357;545;45.416667;12;7.86
017;JUNIN;06615;HOSPITAL REGIONAL DOCENTE MATERNO INFANTIL EL CARMEN;HOSPITAL;A;U;04567;MANITOL 20 g/100 mL (20 %) 500 mL INYECTABLE;M;SD;INYECTABLE;SOBRESTOCK;202503;352;80;6.666667;12;52.8
017;JUNIN;06615;HOSPITAL REGIONAL DOCENTE MATERNO INFANTIL EL CARMEN;HOSPITAL;A;U;05586;PREDNISONA 5 mg/5 mL 120 mL JARABE;M;SC/SD;JARABE;SOBRESTOCK;202503;352;354;29.5;12;11.93
017;JUNIN;06615;HOSPITAL REGIONAL DOCENTE MATERNO INFANTIL EL CARMEN;HOSPITAL;A;U;18511;MIDAZOLAM 50 mg 10 mL INYECTABLE;M;SC/SD;INYECTABLE;SUBSTOCK;202503;342;2763;230.25;12;1.49
017;JUNIN;06615;HOSPITAL REGIONAL DOCENTE MATERNO INFANTIL EL CARMEN;HOSPITAL;A;U;05913;SODIO FOSFATO DIBASICO + SODIO FOSFATO MONOBASICO  (SOLUCION RECTAL) 6 g + 16 g/100 mL 133 mL SOLUCION;M;SC/SD;SOLUCION;SOBRESTOCK;202503;336;520;43.333333;12;7.75
017;JUNIN;06615;HOSPITAL REGIONAL DOCENTE MATERNO INFANTIL EL CARMEN;HOSPITAL;A;U;04922;MUPIROCINA (COMO SAL CALCICA) 2 g/100 g (2 %) 15 g CREMA;M;SC/SD;CREMA;SOBRESTOCK;202503;328;398;33.166667;12;9.89
017;JUNIN;06615;HOSPITAL REGIONAL DOCENTE MATERNO INFANTIL EL CARMEN;HOSPITAL;A;U;01009;BECLOMETASONA DIPROPIONATO 250 µg/DOSIS 200 DOSIS AEROSOL;M;SC/SD;AEROSOL;SOBRESTOCK;202503;313;80;6.666667;12;46.95
017;JUNIN;06615;HOSPITAL REGIONAL DOCENTE MATERNO INFANTIL EL CARMEN;HOSPITAL;A;U;03266;ESTRIOL (CREMA VAGINAL) 100 mg/100 g (0.1 %) 15 g CREMA;M;SC/SD;CREMA;NORMOSTOCK;202503;281;717;59.75;12;4.7
017;JUNIN;06615;HOSPITAL REGIONAL DOCENTE MATERNO INFANTIL EL CARMEN;HOSPITAL;A;U;00823;AMPICILINA + SULBACTAM 1 g + 500 mg 100 mL INYECTABLE;M;SC/SD;INYECTABLE;NORMOSTOCK;202503;277;601;66.777778;9;4.15
017;JUNIN;06615;HOSPITAL REGIONAL DOCENTE MATERNO INFANTIL EL CARMEN;HOSPITAL;A;U;05964;SULFADIAZINA DE PLATA 1 g/100 g 50 g CREMA;M;SC/SD;CREMA;SOBRESTOCK;202503;258;301;25.083333;12;10.29
017;JUNIN;06615;HOSPITAL REGIONAL DOCENTE MATERNO INFANTIL EL CARMEN;HOSPITAL;A;U;01205;BETAMETASONA (COMO DIPROPIONATO) 50 mg/100 g (0.05 %) 20 g CREMA;M;SC/SD;CREMA;NORMOSTOCK;202503;247;648;54;12;4.57
017;JUNIN;06615;HOSPITAL REGIONAL DOCENTE MATERNO INFANTIL EL CARMEN;HOSPITAL;A;U;19347;VALGANCICLOVIR 450 mg  TABLETA;M;SC/SD;TABLETA;SUBSTOCK;202503;242;1548;129;12;1.88
017;JUNIN;06615;HOSPITAL REGIONAL DOCENTE MATERNO INFANTIL EL CARMEN;HOSPITAL;A;U;05063;NISTATINA (GOTAS) 100000 UI/mL 12 mL SUSPENSION;M;SC/SD;SUSPENSION;SOBRESTOCK;202503;240;111;9.25;12;25.95
017;JUNIN;06615;HOSPITAL REGIONAL DOCENTE MATERNO INFANTIL EL CARMEN;HOSPITAL;A;U;10222;ALCOHOL ETILICO (ETANOL) 70° 120 mL SOLUCION;M;SD;SOLUCION;SOBRESTOCK;202503;230;309;25.75;12;8.93
017;JUNIN;06615;HOSPITAL REGIONAL DOCENTE MATERNO INFANTIL EL CARMEN;HOSPITAL;A;U;18091;ALUMINIO HIDROXIDO + MAGNESIO HIDROXIDO 400 + 400 mg/5 mL 150 mL SUSPENSION;M;SC/SD;SUSPENSION;NORMOSTOCK;202503;228;476;39.666667;12;5.75
017;JUNIN;06615;HOSPITAL REGIONAL DOCENTE MATERNO INFANTIL EL CARMEN;HOSPITAL;A;U;04125;IOPAMIDOL Equiv. 300 mg Iodo/mL 100 mL INYECTABLE;M;SC/SD;INYECTABLE;SOBRESTOCK;202503;227;284;23.666667;12;9.59
017;JUNIN;06615;HOSPITAL REGIONAL DOCENTE MATERNO INFANTIL EL CARMEN;HOSPITAL;A;U;37278;METILPREDNISOLONA 500 mg  INYECTABLE;M;SC/SD;INYECTABLE;SOBRESTOCK;202503;219;270;22.5;12;9.73
017;JUNIN;06615;HOSPITAL REGIONAL DOCENTE MATERNO INFANTIL EL CARMEN;HOSPITAL;A;U;04794;METRONIDAZOL 250 mg/5 mL 120 mL SUSPENSION;M;SC/SD;SUSPENSION;SOBRESTOCK;202503;215;117;9.75;12;22.05
017;JUNIN;06615;HOSPITAL REGIONAL DOCENTE MATERNO INFANTIL EL CARMEN;HOSPITAL;A;U;03182;ERITROMICINA 250 mg/5 mL 60 mL SUSPENSION;M;SD;SUSPENSION;SOBRESTOCK;202503;206;85;7.083333;12;29.08
017;JUNIN;06615;HOSPITAL REGIONAL DOCENTE MATERNO INFANTIL EL CARMEN;HOSPITAL;A;U;05986;SULFAMETOXAZOL + TRIMETOPRIMA 200 mg + 40 mg/5 mL 60 mL SUSPENSION;M;SD;SUSPENSION;SOBRESTOCK;202503;201;283;23.583333;12;8.52
017;JUNIN;06615;HOSPITAL REGIONAL DOCENTE MATERNO INFANTIL EL CARMEN;HOSPITAL;A;U;03727;GANCICLOVIR 500 mg  INYECTABLE;M;SD;INYECTABLE;NORMOSTOCK;202503;200;428;38.909091;11;5.14
017;JUNIN;06615;HOSPITAL REGIONAL DOCENTE MATERNO INFANTIL EL CARMEN;HOSPITAL;A;U;03454;FENOBARBITAL 100 mg  TABLETA;M;SC/SD;TABLETA;SOBRESTOCK;202503;198;357;29.75;12;6.66
017;JUNIN;06615;HOSPITAL REGIONAL DOCENTE MATERNO INFANTIL EL CARMEN;HOSPITAL;A;U;03979;HIDROXOCOBALAMINA 1 mg/mL 1 mL INYECTABLE;M;SC/SD;INYECTABLE;NORMOSTOCK;202503;188;445;37.083333;12;5.07
017;JUNIN;06615;HOSPITAL REGIONAL DOCENTE MATERNO INFANTIL EL CARMEN;HOSPITAL;A;U;02381;CODEINA FOSFATO 30 mg/mL 2 mL INYECTABLE;M;SC/SD;INYECTABLE;SOBRESTOCK;202503;185;220;24.444444;9;7.57
017;JUNIN;06615;HOSPITAL REGIONAL DOCENTE MATERNO INFANTIL EL CARMEN;HOSPITAL;A;U;01705;CEFUROXIMA (COMO AXETIL) 250 mg/5 mL 50 mL SUSPENSION;M;SC/SD;SUSPENSION;SOBRESTOCK;202503;174;68;5.666667;12;30.71
017;JUNIN;06615;HOSPITAL REGIONAL DOCENTE MATERNO INFANTIL EL CARMEN;HOSPITAL;A;U;18048;BENZATINA BENCILPENICILINA CON DILUYENTE 2400000 UI  INYECTABLE;M;SD;INYECTABLE;SOBRESTOCK;202503;172;99;8.25;12;20.85
017;JUNIN;06615;HOSPITAL REGIONAL DOCENTE MATERNO INFANTIL EL CARMEN;HOSPITAL;A;U;19405;LEVETIRACETAM 500 mg  TABLETA;M;SC/SD;TABLETA;SOBRESTOCK;202503;171;69;17.25;4;9.91
017;JUNIN;06615;HOSPITAL REGIONAL DOCENTE MATERNO INFANTIL EL CARMEN;HOSPITAL;A;U;00259;ALBENDAZOL 100 mg/5 mL 20 mL SUSPENSION;M;SD;SUSPENSION;SOBRESTOCK;202503;163;187;15.583333;12;10.46
017;JUNIN;06615;HOSPITAL REGIONAL DOCENTE MATERNO INFANTIL EL CARMEN;HOSPITAL;A;U;01391;CABERGOLINA 500 µg (0.5 mg)  TABLETA;M;SD;TABLETA;NORMOSTOCK;202503;162;432;36;12;4.5
017;JUNIN;06615;HOSPITAL REGIONAL DOCENTE MATERNO INFANTIL EL CARMEN;HOSPITAL;A;U;20382;SUCCINILCOLINA (CLORURO DE SUXAMETONIO) 500 mg  INYECTABLE;M;SC/SD;INYECTABLE;NORMOSTOCK;202503;153;316;26.333333;12;5.81
017;JUNIN;06615;HOSPITAL REGIONAL DOCENTE MATERNO INFANTIL EL CARMEN;HOSPITAL;A;U;01256;BISMUTO SUBSALICILATO 87.33 mg/5 mL 150 mL SUSPENSION;M;SC/SD;SUSPENSION;SOBRESTOCK;202503;152;241;20.083333;12;7.57
017;JUNIN;06615;HOSPITAL REGIONAL DOCENTE MATERNO INFANTIL EL CARMEN;HOSPITAL;A;U;02055;CLORANFENICOL 500 mg  TABLETA;M;SD;TABLETA;SOBRESTOCK;202503;150;250;22.727273;11;6.6
017;JUNIN;06615;HOSPITAL REGIONAL DOCENTE MATERNO INFANTIL EL CARMEN;HOSPITAL;A;U;04385;LEVOTIROXINA SODICA 50 µg (0.05 mg)  TABLETA;M;SD;TABLETA;SOBRESTOCK;202503;150;67;16.75;4;8.96
017;JUNIN;06615;HOSPITAL REGIONAL DOCENTE MATERNO INFANTIL EL CARMEN;HOSPITAL;A;U;04511;LORATADINA 5 mg/5 mL 60 mL JARABE;M;SC/SD;JARABE;NORMOSTOCK;202503;143;404;33.666667;12;4.25
017;JUNIN;06615;HOSPITAL REGIONAL DOCENTE MATERNO INFANTIL EL CARMEN;HOSPITAL;A;U;06126;TIAMAZOL 5 mg  TABLETA;M;SC/SD;TABLETA;NORMOSTOCK;202503;143;635;63.5;10;2.25
017;JUNIN;06615;HOSPITAL REGIONAL DOCENTE MATERNO INFANTIL EL CARMEN;HOSPITAL;A;U;01012;BECLOMETASONA DIPROPIONATO 50 µg/DOSIS 200 DOSIS AEROSOL;M;SC/SD;AEROSOL;SOBRESTOCK;202503;140;59;4.916667;12;28.47
017;JUNIN;06615;HOSPITAL REGIONAL DOCENTE MATERNO INFANTIL EL CARMEN;HOSPITAL;A;U;04398;LIDOCAINA CLORHIDRATO + EPINEFRINA 20 mg + 10 ug/mL 20 mL INYECTABLE;M;SD;INYECTABLE;SOBRESTOCK;202503;133;93;7.75;12;17.16
017;JUNIN;06615;HOSPITAL REGIONAL DOCENTE MATERNO INFANTIL EL CARMEN;HOSPITAL;A;U;01029;BENCILPENICILINA PROCAINICA 1000000 UI  INYECTABLE;M;SD;INYECTABLE;SOBRESTOCK;202503;130;170;14.166667;12;9.18
017;JUNIN;06615;HOSPITAL REGIONAL DOCENTE MATERNO INFANTIL EL CARMEN;HOSPITAL;A;U;00663;AMIODARONA CLORHIDRATO 50 mg/mL 3 mL INYECTABLE;M;SC/SD;INYECTABLE;SOBRESTOCK;202503;127;203;16.916667;12;7.51
017;JUNIN;06615;HOSPITAL REGIONAL DOCENTE MATERNO INFANTIL EL CARMEN;HOSPITAL;A;U;05916;NITROPRUSIATO SODICO 10 mg/mL 5 mL INYECTABLE;M;SC/SD;INYECTABLE;SINROTACION;202503;127;0;0;0;0
017;JUNIN;06615;HOSPITAL REGIONAL DOCENTE MATERNO INFANTIL EL CARMEN;HOSPITAL;A;U;03519;FERROSO SULFATO 75 mg (Equiv. 15 mg Fe)/5 mL 180 mL JARABE;M;SD;JARABE;SOBRESTOCK;202503;108;23;2.875;8;37.57
017;JUNIN;06615;HOSPITAL REGIONAL DOCENTE MATERNO INFANTIL EL CARMEN;HOSPITAL;A;U;05578;PREDNISOLONA (SUSPENSION OFTALMICA) 10 mg/mL 5 mL SUSPENSION;M;SD;SUSPENSION;NORMOSTOCK;202503;95;255;23.181818;11;4.1
017;JUNIN;06615;HOSPITAL REGIONAL DOCENTE MATERNO INFANTIL EL CARMEN;HOSPITAL;A;U;01973;CLOBETASOL PROPIONATO 50 mg/100 g (0.05 %) 25 g CREMA;M;SC/SD;CREMA;SOBRESTOCK;202503;93;91;7.583333;12;12.26
017;JUNIN;06615;HOSPITAL REGIONAL DOCENTE MATERNO INFANTIL EL CARMEN;HOSPITAL;A;U;21859;SOLUCION PARA HEMODIALISIS CON BICARBONATO  4 L SOLUCION;M;SC/SD;SOLUCION;SOBRESTOCK;202503;90;46;6.571429;7;13.7
017;JUNIN;06615;HOSPITAL REGIONAL DOCENTE MATERNO INFANTIL EL CARMEN;HOSPITAL;A;U;22234;ZINC SULFATO 10 mg de Zn/5 mL 100 mL SOLUCION;M;SC/SD;SOLUCION;SOBRESTOCK;202503;90;10;2.5;4;36
017;JUNIN;06615;HOSPITAL REGIONAL DOCENTE MATERNO INFANTIL EL CARMEN;HOSPITAL;A;U;03873;HALOPERIDOL 5 mg/mL 1 mL INYECTABLE;M;SD;INYECTABLE;SOBRESTOCK;202503;88;125;11.363636;11;7.74
017;JUNIN;06615;HOSPITAL REGIONAL DOCENTE MATERNO INFANTIL EL CARMEN;HOSPITAL;A;U;03444;FENITOINA SODICA 125 mg/5 mL 120 mL SUSPENSION;M;SC/SD;SUSPENSION;SOBRESTOCK;202503;83;81;7.363636;11;11.27
017;JUNIN;06615;HOSPITAL REGIONAL DOCENTE MATERNO INFANTIL EL CARMEN;HOSPITAL;A;U;03703;FURAZOLIDONA 50 mg/5 mL 120 mL SUSPENSION;M;SC/SD;SUSPENSION;SOBRESTOCK;202503;81;14;2.333333;6;34.71
017;JUNIN;06615;HOSPITAL REGIONAL DOCENTE MATERNO INFANTIL EL CARMEN;HOSPITAL;A;U;03944;HIDROCORTISONA (COMO ACETATO) 1 g/100 g (1 %) 20 g CREMA;M;SC/SD;CREMA;SOBRESTOCK;202503;72;45;4.5;10;16
017;JUNIN;06615;HOSPITAL REGIONAL DOCENTE MATERNO INFANTIL EL CARMEN;HOSPITAL;A;U;21864;SURFACTANTE PULMONAR DE ORIGEN NATURAL (SUSPENSION INTRATRAQUEAL) 25 mg/mL 8 mL INYECTABLE;M;SC/SD;INYECTABLE;NORMOSTOCK;202503;69;191;15.916667;12;4.34
017;JUNIN;06615;HOSPITAL REGIONAL DOCENTE MATERNO INFANTIL EL CARMEN;HOSPITAL;A;U;21858;SOLUCION PARA HEMODIALISIS ACIDA  5 L SOLUCION;M;SC/SD;SOLUCION;SOBRESTOCK;202503;67;46;6.571429;7;10.2
017;JUNIN;06615;HOSPITAL REGIONAL DOCENTE MATERNO INFANTIL EL CARMEN;HOSPITAL;A;U;22187;INSULINA ISOFANA HUMANA (NPH) ADN RECOMBINANTE 100 UI/mL 10 mL INYECTABLE;M;SD;INYECTABLE;SOBRESTOCK;202503;67;42;3.5;12;19.14
017;JUNIN;06615;HOSPITAL REGIONAL DOCENTE MATERNO INFANTIL EL CARMEN;HOSPITAL;A;U;01525;CARBAMAZEPINA 100 mg/5 mL 100 mL SUSPENSION;M;SC/SD;SUSPENSION;SOBRESTOCK;202503;64;13;3.25;4;19.69
017;JUNIN;06615;HOSPITAL REGIONAL DOCENTE MATERNO INFANTIL EL CARMEN;HOSPITAL;A;U;01053;BENZOATO DE BENCILO 25 g/100 mL (25 %) 120 mL LOCION;M;SC/SD;LOCION;SOBRESTOCK;202503;63;50;4.166667;12;15.12
017;JUNIN;06615;HOSPITAL REGIONAL DOCENTE MATERNO INFANTIL EL CARMEN;HOSPITAL;A;U;02830;DICLOXACILINA (COMO SAL SODICA) 250 mg/5 mL 60 mL SUSPENSION;M;SD;SUSPENSION;SOBRESTOCK;202503;62;34;3.090909;11;20.06
017;JUNIN;06615;HOSPITAL REGIONAL DOCENTE MATERNO INFANTIL EL CARMEN;HOSPITAL;A;U;19499;ACETILCISTEINA 100 mg/5 mL 120 mL SOLUCION;M;SC/SD;SOLUCION;SOBRESTOCK;202503;59;41;4.1;10;14.39
017;JUNIN;06615;HOSPITAL REGIONAL DOCENTE MATERNO INFANTIL EL CARMEN;HOSPITAL;A;U;20622;BROMURO DE IPRATROPIO 20 µg/Dosis 200 DOSIS AEROSOL;M;SC/SD;AEROSOL;NORMOSTOCK;202503;58;203;16.916667;12;3.43
017;JUNIN;06615;HOSPITAL REGIONAL DOCENTE MATERNO INFANTIL EL CARMEN;HOSPITAL;A;U;05096;NITROFURANTOINA 25 mg/5 mL 120 mL SUSPENSION;M;SC/SD;SUSPENSION;SOBRESTOCK;202503;51;17;2.428571;7;21
017;JUNIN;06615;HOSPITAL REGIONAL DOCENTE MATERNO INFANTIL EL CARMEN;HOSPITAL;A;U;16862;PEROXIDO DE HIDROGENO (AGUA OXIGENADA 10 V) 3 % 1 L SOLUCION;M;SC/SD;SOLUCION;SOBRESTOCK;202503;50;23;3.833333;6;13.04
017;JUNIN;06615;HOSPITAL REGIONAL DOCENTE MATERNO INFANTIL EL CARMEN;HOSPITAL;A;U;01925;CLARITROMICINA 250 mg/5 mL 60 mL SUSPENSION;M;SC/SD;SUSPENSION;SOBRESTOCK;202503;47;7;1.4;5;33.57
017;JUNIN;06615;HOSPITAL REGIONAL DOCENTE MATERNO INFANTIL EL CARMEN;HOSPITAL;A;U;03878;HALOPERIDOL 2 mg/mL 20 mL SOLUCION;M;SC/SD;SOLUCION;SOBRESTOCK;202503;43;11;2.2;5;19.55
017;JUNIN;06615;HOSPITAL REGIONAL DOCENTE MATERNO INFANTIL EL CARMEN;HOSPITAL;A;U;04905;MORFINA SULFATO 30 mg  TABLETA;M;SC/SD;TABLETA;NORMOSTOCK;202503;41;59;9.833333;6;4.17
017;JUNIN;06615;HOSPITAL REGIONAL DOCENTE MATERNO INFANTIL EL CARMEN;HOSPITAL;A;U;05598;SOLUCION POLIELECTROLITICA  1 L SOLUCION;M;SD;SOLUCION;NORMOSTOCK;202503;37;297;24.75;12;1.49
017;JUNIN;06615;HOSPITAL REGIONAL DOCENTE MATERNO INFANTIL EL CARMEN;HOSPITAL;A;U;03602;FLUMAZENIL 100 µg/mL (0.1 mg/mL) 5 mL INYECTABLE;M;SC/SD;INYECTABLE;NORMOSTOCK;202503;34;76;6.333333;12;5.37
017;JUNIN;06615;HOSPITAL REGIONAL DOCENTE MATERNO INFANTIL EL CARMEN;HOSPITAL;A;U;18336;LABETALOL 5 mg/mL 4 mL INYECTABLE;M;SC/SD;INYECTABLE;SUBSTOCK;202503;31;165;20.625;8;1.5
017;JUNIN;06615;HOSPITAL REGIONAL DOCENTE MATERNO INFANTIL EL CARMEN;HOSPITAL;A;U;02048;CLORANFENICOL PALMITATO 250 mg/5 mL 120 mL SUSPENSION;M;SD;SUSPENSION;SOBRESTOCK;202503;27;1;1;1;27
017;JUNIN;06615;HOSPITAL REGIONAL DOCENTE MATERNO INFANTIL EL CARMEN;HOSPITAL;A;U;04085;INSULINA HUMANA (ADN RECOMBINANTE) 100 UI/mL 10 mL INYECTABLE;M;SD;INYECTABLE;NORMOSTOCK;202503;24;75;6.25;12;3.84
017;JUNIN;06615;HOSPITAL REGIONAL DOCENTE MATERNO INFANTIL EL CARMEN;HOSPITAL;A;U;05970;SULFAMETOXAZOL + TRIMETOPRIMA 80 mg + 16 mg / mL 5 mL INYECTABLE;M;SC/SD;INYECTABLE;SOBRESTOCK;202503;23;7;3.5;2;6.57
017;JUNIN;06615;HOSPITAL REGIONAL DOCENTE MATERNO INFANTIL EL CARMEN;HOSPITAL;A;U;18092;BEVACIZUMAB 25 mg/mL 16 mL INYECTABLE;M;SC/SD;INYECTABLE;SOBRESTOCK;202503;22;9;1.5;6;14.67
017;JUNIN;06615;HOSPITAL REGIONAL DOCENTE MATERNO INFANTIL EL CARMEN;HOSPITAL;A;U;06234;TRAMADOL CLORHIDRATO 100 mg/mL 10 mL SOLUCION;M;SC/SD;SOLUCION;NORMOSTOCK;202503;18;54;4.909091;11;3.67
017;JUNIN;06615;HOSPITAL REGIONAL DOCENTE MATERNO INFANTIL EL CARMEN;HOSPITAL;A;U;00111;ACICLOVIR (UNGÜENTO OFTALMICO) 3 g/100 g (3 %) 3.5 g UNGÜENTO;M;SC/SD;UNGUENTO;NORMOSTOCK;202503;17;3;3;1;5.67
017;JUNIN;06615;HOSPITAL REGIONAL DOCENTE MATERNO INFANTIL EL CARMEN;HOSPITAL;A;U;03796;DEXTROSA 50 g/100 mL (50 %) 1 L INYECTABLE;M;SC/SD;INYECTABLE;NORMOSTOCK;202503;15;173;14.416667;12;1.04
017;JUNIN;06615;HOSPITAL REGIONAL DOCENTE MATERNO INFANTIL EL CARMEN;HOSPITAL;A;U;04058;INMUNOGLOBULINA ANTI D 300 ug 2 mL INYECTABLE;M;SC/SD;INYECTABLE;SOBRESTOCK;202503;15;15;1.875;8;8
017;JUNIN;06615;HOSPITAL REGIONAL DOCENTE MATERNO INFANTIL EL CARMEN;HOSPITAL;A;U;26358;AMFOTERICINA B (AMBD) 50 mg  INYECTABLE;M;SC/SD;INYECTABLE;NORMOSTOCK;202503;14;28;4.666667;6;3
017;JUNIN;06615;HOSPITAL REGIONAL DOCENTE MATERNO INFANTIL EL CARMEN;HOSPITAL;A;U;00234;ADENOSINA 6 mg/2 mL 2 mL INYECTABLE;M;SC/SD;INYECTABLE;NORMOSTOCK;202503;13;13;3.25;4;4
017;JUNIN;06615;HOSPITAL REGIONAL DOCENTE MATERNO INFANTIL EL CARMEN;HOSPITAL;A;U;02794;DICLOFENACO (SOLUCION OFTALMICA) 1 mg/mL 5 mL SOLUCION;M;SC/SD;SOLUCION;NORMOSTOCK;202503;12;46;4.6;10;2.61
017;JUNIN;06615;HOSPITAL REGIONAL DOCENTE MATERNO INFANTIL EL CARMEN;HOSPITAL;A;U;00396;ALPROSTADIL 500 µg/mL 1 mL INYECTABLE;M;SC/SD;INYECTABLE;SUBSTOCK;202503;11;46;5.75;8;1.91
017;JUNIN;06615;HOSPITAL REGIONAL DOCENTE MATERNO INFANTIL EL CARMEN;HOSPITAL;A;U;03107;EPOETINA ALFA (ERITROPOYETINA) 2000 UI/mL 1 mL INYECTABLE;M;SD;INYECTABLE;SUBSTOCK;202503;10;6;6;1;1.67
017;JUNIN;06615;HOSPITAL REGIONAL DOCENTE MATERNO INFANTIL EL CARMEN;HOSPITAL;A;U;02954;DINITRATO DE ISOSORBIDA(SUB LINGUAL) 5 mg  TABLETA;M;SC/SD;TABLETA;SUBSTOCK;202503;6;44;11;4;0.55
017;JUNIN;06615;HOSPITAL REGIONAL DOCENTE MATERNO INFANTIL EL CARMEN;HOSPITAL;A;U;04901;MORFINA (CLORHIDRATO) 20 mg 1 mL INYECTABLE;M;SC/SD;INYECTABLE;SUBSTOCK;202503;6;147;29.4;5;0.2
017;JUNIN;06615;HOSPITAL REGIONAL DOCENTE MATERNO INFANTIL EL CARMEN;HOSPITAL;A;U;03874;HALOPERIDOL (COMO DECANOATO) 50 mg/mL 1 mL INYECTABLE;M;SC/SD;INYECTABLE;SUBSTOCK;202503;3;51;5.1;10;0.59
017;JUNIN;06615;HOSPITAL REGIONAL DOCENTE MATERNO INFANTIL EL CARMEN;HOSPITAL;A;U;06480;VERAPAMILO CLORHIDRATO 2.5 mg/mL 2 mL INYECTABLE;M;SC/SD;INYECTABLE;SUBSTOCK;202503;3;2;2;1;1.5
017;JUNIN;06615;HOSPITAL REGIONAL DOCENTE MATERNO INFANTIL EL CARMEN;HOSPITAL;A;U;03634;FLUTICASONA PROPIONATO + SALMETEROL (COMO XINAFOATO) 125 µg + 25 µg/DOSIS 120 DOSIS AEROSOL;M;SC/SD;AEROSOL;SUBSTOCK;202503;2;36;3.272727;11;0.61
017;JUNIN;06615;HOSPITAL REGIONAL DOCENTE MATERNO INFANTIL EL CARMEN;HOSPITAL;A;U;04077;INMUNOGLOBULINA HUMANA NORMAL 5 g/100 mL 100 mL INYECTABLE;M;SD;INYECTABLE;SUBSTOCK;202503;2;43;6.142857;7;0.33
017;JUNIN;06615;HOSPITAL REGIONAL DOCENTE MATERNO INFANTIL EL CARMEN;HOSPITAL;A;U;00662;AMINOFILINA 25 mg/mL 10 mL INYECTABLE;M;SD;INYECTABLE;DESABASTECIDO;202503;0;3;3;1;0
017;JUNIN;06615;HOSPITAL REGIONAL DOCENTE MATERNO INFANTIL EL CARMEN;HOSPITAL;A;U;02587;DESMOPRESINA ACETATO 10 µg/100 µL 5 mL AEROSOL;M;SC/SD;AEROSOL;DESABASTECIDO;202503;0;2;1;2;0
017;JUNIN;06615;HOSPITAL REGIONAL DOCENTE MATERNO INFANTIL EL CARMEN;HOSPITAL;A;U;03010;DOPAMINA CLORHIDRATO 40 mg/mL 5 mL INYECTABLE;M;SD;INYECTABLE;DESABASTECIDO;202503;0;419;34.916667;12;0
017;JUNIN;06615;HOSPITAL REGIONAL DOCENTE MATERNO INFANTIL EL CARMEN;HOSPITAL;A;U;03964;HIDROXICLOROQUINA SULFATO 400 mg (Equiv. 310 mg hidroxicloroqui  TABLETA;M;SC/SD;TABLETA;DESABASTECIDO;202503;0;173;28.833333;6;0
017;JUNIN;06615;HOSPITAL REGIONAL DOCENTE MATERNO INFANTIL EL CARMEN;HOSPITAL;A;U;04333;LANATOSIDO C 200 µg/ mL 2 mL INYECTABLE;M;SC/SD;INYECTABLE;DESABASTECIDO;202503;0;21;4.2;5;0
017;JUNIN;06615;HOSPITAL REGIONAL DOCENTE MATERNO INFANTIL EL CARMEN;HOSPITAL;A;U;06285;TRIAMCINOLONA ACETONIDO 50 mg/5 mL 5 mL INYECTABLE;M;SC/SD;INYECTABLE;DESABASTECIDO;202503;0;5;1.666667;3;0
017;JUNIN;06615;HOSPITAL REGIONAL DOCENTE MATERNO INFANTIL EL CARMEN;HOSPITAL;A;U;06519;YODO POVIDONA 10 g/100 mL 120 mL SOLUCION;M;SD;SOLUCION;DESABASTECIDO;202503;0;188;94;2;0
017;JUNIN;06615;HOSPITAL REGIONAL DOCENTE MATERNO INFANTIL EL CARMEN;HOSPITAL;A;U;16860;PEROXIDO DE HIDROGENO (AGUA OXIGENADA 10 V) 3% 120 mL SOLUCION;M;SC/SD;SOLUCION;DESABASTECIDO;202503;0;9;4.5;2;0
017;JUNIN;06615;HOSPITAL REGIONAL DOCENTE MATERNO INFANTIL EL CARMEN;HOSPITAL;A;U;24760;ORFENADRINA CITRATO(TABLETA LIBERACION MODIFICADA) 100 mg  TABLETA;M;SC/SD;TABLETA;DESABASTECIDO;202503;0;2561;213.416667;12;0
